ind_group_bls,unemp_renter_adj
15000000,1.0412115599853091
20000000,1.1069393942425259
30000000,1.4650470027122482
40000000,1.1759230166867565
50000000,1.1448096423957423
55000000,1.2054520532223207
60000000,1.1068766054484809
65000000,1.347892402991617
70000000,1.0573723885839101
80000000,1.054381834340167
90000000,1.2207311325394827
