ind_group_bls,unemp_renter_adj
15000000,1.4447679791642056
20000000,1.2256086442650582
30000000,1.404081115713882
40000000,1.3368265010228997
50000000,1.3446103667700573
55000000,1.45035219342056
60000000,1.3687460223694943
65000000,1.515823305527099
70000000,1.0919634207982238
80000000,1.3783859956295998
90000000,1.5945024360549287
